{
  "collision_rate": [
    0.0
  ],
  "collision_rate_mean": 0.0,
  "collision_rate_std": 0.0,
  "similarity": [
    0.9933570091816669
  ],
  "similarity_mean": 0.9933570091816669,
  "similarity_std": 0.0,
  "waypoint_distance": [
    0.6765174033829813
  ],
  "waypoint_distance_mean": 0.6765174033829813,
  "waypoint_distance_std": 0.0,
  "speed": [
    9.15745813434273
  ],
  "speed_mean": 9.15745813434273,
  "speed_std": 0.0,
  "total_reward": [
    906.9269953811917
  ],
  "total_reward_mean": 906.9269953811917,
  "total_reward_std": 0.0,
  "timesteps": [
    100
  ],
  "timesteps_mean": 100.0,
  "timesteps_std": 0.0
}